ID,Locus1.A,Locus1.B,Locus2.A,Locus2.B,Locus3.A,Locus3.B,Locus4.A,Locus4.B,Locus5.A,Locus5.B,Locus6.A,Locus6.B,Locus7.A,Locus7.B,Locus8.A,Locus8.B,Locus9.A,Locus9.B,Locus10.A,Locus10.B,Locus11.A,Locus11.B,Locus12.A,Locus12.B,Locus13.A,Locus13.B,Locus14.A,Locus14.B,Locus15.A,Locus15.B,Locus16.A,Locus16.B,Locus17.A,Locus17.B,Locus18.A,Locus18.B,Locus19.A,Locus19.B,Locus20.A,Locus20.B,Locus21.A,Locus21.B,Locus22.A,Locus22.B
MGW_0903,80,80,147,153,105,105,216,218,237,237,228,228,89,91,141,141,156,156,117,121,169,171,202,218,198,198,175,175,103,103,157,170,183,195,273,281,287,315,108,128,217,217,142,150
MGW_0923,80,80,145,153,105,105,216,216,229,241,228,236,89,95,141,149,156,156,117,121,169,171,202,218,198,202,124,169,99,103,170,170,183,183,273,275,299,315,124,128,217,217,142,146
MGW_0992,74,74,147,153,105,109,216,216,245,285,224,224,89,95,141,145,160,160,113,121,169,177,200,202,198,202,169,169,103,103,157,166,183,187,267,275,315,315,128,130,219,225,137,155
MGW_1038,74,80,145,147,105,105,226,228,237,285,224,236,89,95,145,149,156,164,113,121,169,169,200,202,202,206,169,175,99,103,166,170,179,183,273,281,299,315,124,130,217,225,137,155
MGW_1115,74,76,145,147,105,109,218,218,237,237,236,236,95,95,149,149,156,160,121,121,169,169,200,200,198,202,134,134,99,103,157,170,179,183,267,275,299,327,124,128,219,225,142,150
MGW_1126,74,74,145,147,101,109,228,228,234,241,224,228,95,95,141,141,160,160,113,113,169,169,198,218,198,206,169,187,99,103,140,145,191,195,267,281,315,327,130,130,217,217,137,142
MGW_1155,80,80,147,147,105,109,216,228,237,241,224,228,95,95,141,141,156,160,113,121,169,171,218,218,198,202,169,187,103,103,166,170,183,195,267,281,311,311,124,130,217,217,142,155
MGW_1157,74,80,145,147,105,109,216,228,285,285,228,236,89,89,141,149,156,156,121,125,169,171,200,202,198,206,169,175,103,103,157,166,183,187,273,273,299,315,124,130,219,225,137,155
MGW_1249,80,80,147,153,105,105,216,228,237,285,228,228,89,91,141,149,156,156,121,125,169,171,202,202,198,198,169,175,103,103,157,166,183,195,273,273,299,315,124,128,217,219,142,155
MGW_1251,74,80,145,153,105,109,216,216,241,245,224,228,89,95,141,145,156,160,113,121,169,171,202,218,198,202,124,169,103,103,157,170,183,183,275,275,299,315,128,130,217,225,137,146
MGW_1280,74,80,147,153,105,105,216,228,241,285,224,228,89,91,141,141,156,160,117,121,169,171,200,218,198,198,187,187,103,103,170,170,183,195,267,275,311,315,124,128,217,219,137,150
MGW_1387,74,76,145,147,105,109,218,218,237,237,224,224,89,95,141,149,160,160,121,121,169,169,200,218,198,202,134,175,99,103,140,150,183,187,267,281,315,327,124,128,217,219,142,150
MGW_1346,74,80,147,147,105,109,228,228,234,285,228,228,89,95,141,149,156,160,113,125,169,169,202,218,198,202,169,175,99,103,140,166,195,195,273,281,315,327,124,130,217,219,142,155
MGW_1347,74,80,145,153,105,109,216,228,234,285,228,228,89,95,141,141,156,160,113,121,169,169,198,202,198,198,169,187,99,103,145,166,191,195,273,281,315,323,128,130,217,217,137,155
MGW_1348,74,80,145,153,105,109,216,228,234,237,228,228,91,95,141,149,156,160,113,121,169,171,198,202,198,198,175,187,99,103,140,166,195,195,267,273,315,315,128,130,217,219,137,155
MGW_1349,74,80,147,147,105,109,216,228,241,285,224,228,91,95,141,141,156,160,113,121,169,171,202,202,198,198,169,175,103,103,140,157,191,195,273,281,299,327,124,130,217,219,142,155
MGW_1350,74,80,147,153,105,109,216,228,241,285,228,228,89,95,141,141,156,160,113,121,169,171,198,202,198,198,175,187,103,103,145,157,183,191,273,281,299,327,128,130,217,219,137,142
MGW_1351,74,80,145,153,101,105,216,228,241,285,224,228,89,95,141,141,156,160,113,125,169,169,202,218,198,206,175,187,103,103,145,166,183,195,267,273,315,327,128,130,217,219,142,142
MGW_1352,74,80,145,153,105,109,216,216,241,285,224,228,89,89,145,149,156,160,113,121,169,169,202,218,198,198,169,169,103,103,157,170,183,183,267,273,311,315,124,128,217,225,137,142
MGW_1353,74,80,147,153,105,105,216,216,229,245,224,236,89,89,141,141,156,160,121,121,171,177,202,202,198,198,169,169,99,103,166,170,183,183,267,275,315,315,124,128,217,225,142,155
MGW_1354,74,80,145,147,105,109,216,216,229,285,224,228,95,95,141,149,156,160,113,117,171,177,198,202,198,202,169,169,99,103,157,170,183,183,267,273,299,315,128,128,217,219,137,146
MGW_1383,74,74,145,153,105,105,216,228,237,241,224,236,89,89,141,145,156,156,117,121,169,171,200,202,198,206,175,187,99,103,170,170,179,195,267,281,303,311,124,130,217,217,137,150
MGW_1386,74,76,147,153,105,109,216,218,237,245,224,224,89,95,141,145,160,160,121,121,169,171,200,218,198,202,134,164,99,103,150,170,183,187,267,275,315,327,128,130,217,219,137,150
MGW_1392,74,74,145,145,105,109,216,218,237,241,224,228,89,89,141,145,160,160,121,121,169,171,200,202,198,198,124,175,99,103,150,170,183,187,275,281,315,315,124,128,217,217,137,142
MGW_1393,76,80,147,147,105,109,218,228,237,237,228,236,95,95,141,149,160,160,121,121,169,169,200,218,202,202,134,187,103,103,157,166,183,183,275,281,311,327,124,128,217,219,142,142
MGW_1398,74,80,147,147,105,105,216,218,237,237,224,236,95,95,141,149,160,160,121,121,169,169,200,218,198,202,134,169,99,103,157,166,183,195,0,0,311,327,124,124,217,225,142,142
MGW_1399,74,80,147,153,105,105,216,216,237,285,228,236,89,91,141,141,156,156,121,121,171,171,200,218,198,206,175,175,103,103,166,170,183,183,273,273,299,315,108,130,217,219,137,142
MGW_1439,74,74,147,153,105,105,228,228,237,285,224,224,89,91,141,145,156,160,113,121,169,171,200,218,198,206,175,187,103,103,170,170,179,183,273,275,299,315,128,130,217,217,137,150
MGW_1487,74,80,147,147,109,109,218,228,237,241,224,236,95,95,141,149,156,160,113,121,169,171,200,218,198,202,134,187,103,103,157,170,183,183,267,267,299,311,124,124,217,219,142,155
MGW_1552,74,76,147,153,105,109,218,218,237,241,224,228,89,89,145,149,156,160,121,121,169,169,218,218,198,202,169,175,103,103,150,170,183,183,267,275,315,315,124,130,217,217,146,150
