ID,Locus4.A,Locus4.B,Locus5.A,Locus5.B,Locus16.A,Locus16.B,Locus18.A,Locus18.B
MGW_0903,216,218,237,237,157,170,273,281
MGW_0923,216,216,229,241,170,170,273,275
MGW_0992,216,216,245,285,157,166,267,275
MGW_1038,226,228,237,285,166,170,273,281
MGW_1115,218,218,237,237,157,170,267,275
MGW_1126,228,228,234,241,140,145,267,281
MGW_1155,216,228,237,241,166,170,267,281
MGW_1157,216,228,285,285,157,166,273,273
MGW_1249,216,228,237,285,157,166,273,273
MGW_1251,216,216,241,245,157,170,275,275
MGW_1280,216,228,241,285,170,170,267,275
MGW_1387,218,218,237,237,140,150,267,281
MGW_1346,228,228,234,285,140,166,273,281
MGW_1347,216,228,234,285,145,166,273,281
MGW_1348,216,228,234,237,140,166,267,273
MGW_1349,216,228,241,285,140,157,273,281
MGW_1350,216,228,241,285,145,157,273,281
MGW_1351,216,228,241,285,145,166,267,273
MGW_1352,216,216,241,285,157,170,267,273
MGW_1353,216,216,229,245,166,170,267,275
MGW_1354,216,216,229,285,157,170,267,273
MGW_1383,216,228,237,241,170,170,267,281
MGW_1386,216,218,237,245,150,170,267,275
MGW_1392,216,218,237,241,150,170,275,281
MGW_1393,218,228,237,237,157,166,275,281
MGW_1398,216,218,237,237,157,166,0,0
MGW_1399,216,216,237,285,166,170,273,273
MGW_1439,228,228,237,285,170,170,273,275
MGW_1487,218,228,237,241,157,170,267,267
MGW_1552,218,218,237,241,150,170,267,275
